trade_id,skip_reason,final_vote,market_outcome,would_have_won,model_win_prob,up_odds,hour_of_day
"trade_id    1016
trade_id    1016
Name: 473, dtype: object",empty_book,Up,Up,True,0.932,0.505,18.0
"trade_id    1017
trade_id    1017
Name: 474, dtype: object",invalid_amount,Down,Up,False,0.947,0.505,18.0
"trade_id    1018
trade_id    1018
Name: 475, dtype: object",invalid_amount,Down,Up,False,0.861,0.505,18.0
"trade_id    1019
trade_id    1019
Name: 476, dtype: object",empty_book,Down,Down,True,0.631,0.475,18.0
"trade_id    1021
trade_id    1021
Name: 478, dtype: object",empty_book,Down,Down,True,0.882,0.505,18.0
"trade_id    1022
trade_id    1022
Name: 479, dtype: object",empty_book,Down,Down,True,0.794,0.495,18.0
"trade_id    1023
trade_id    1023
Name: 480, dtype: object",no_consensus,ABSTAIN,Up,,0.705,0.525,18.0
"trade_id    1026
trade_id    1026
Name: 483, dtype: object",empty_book,Up,Up,True,0.838,0.505,19.0
"trade_id    1027
trade_id    1027
Name: 484, dtype: object",empty_book,Down,Down,True,0.911,0.525,19.0
"trade_id    1030
trade_id    1030
Name: 487, dtype: object",empty_book,Up,Up,True,0.82,0.525,19.0
"trade_id    1031
trade_id    1031
Name: 488, dtype: object",empty_book,Down,Down,True,0.941,0.515,19.0
"trade_id    1033
trade_id    1033
Name: 490, dtype: object",empty_book,Up,Up,True,0.793,0.505,19.0
"trade_id    1034
trade_id    1034
Name: 491, dtype: object",empty_book,Up,Up,True,0.862,0.485,19.0
"trade_id    1037
trade_id    1037
Name: 494, dtype: object",no_consensus,ABSTAIN,Down,,0.531,0.505,19.0
"trade_id    1039
trade_id    1039
Name: 496, dtype: object",empty_book,Down,Down,True,0.821,0.555,20.0
"trade_id    1040
trade_id    1040
Name: 497, dtype: object",empty_book,Down,Down,True,0.859,0.525,20.0
"trade_id    1041
trade_id    1041
Name: 498, dtype: object",empty_book,Up,Up,True,0.757,0.525,20.0
"trade_id    1042
trade_id    1042
Name: 499, dtype: object",no_consensus,ABSTAIN,Up,,0.883,0.545,20.0
"trade_id    1043
trade_id    1043
Name: 500, dtype: object",empty_book,Down,Down,True,0.887,0.535,20.0
"trade_id    1045
trade_id    1045
Name: 502, dtype: object",no_consensus,ABSTAIN,Up,,0.74,0.535,20.0
"trade_id    1046
trade_id    1046
Name: 503, dtype: object",empty_book,Up,Up,True,0.611,0.525,20.0
"trade_id    1049
trade_id    1049
Name: 506, dtype: object",no_consensus,ABSTAIN,Up,,0.803,0.485,21.0
"trade_id    1050
trade_id    1050
Name: 507, dtype: object",empty_book,Down,Down,True,0.925,0.525,21.0
"trade_id    1051
trade_id    1051
Name: 508, dtype: object",empty_book,Down,Down,True,0.9,0.475,21.0
"trade_id    1052
trade_id    1052
Name: 509, dtype: object",empty_book,Down,Down,True,0.9,0.505,21.0
"trade_id    1053
trade_id    1053
Name: 510, dtype: object",empty_book,Up,Up,True,0.782,0.485,21.0
"trade_id    1054
trade_id    1054
Name: 511, dtype: object",empty_book,Up,Up,True,0.711,0.505,21.0
"trade_id    1056
trade_id    1056
Name: 513, dtype: object",empty_book,Down,Down,True,0.809,0.495,21.0
"trade_id    1058
trade_id    1058
Name: 515, dtype: object",empty_book,Down,Up,False,0.882,0.485,21.0
"trade_id    1059
trade_id    1059
Name: 516, dtype: object",no_consensus,ABSTAIN,Up,,0.392,0.495,22.0
"trade_id    1060
trade_id    1060
Name: 517, dtype: object",empty_book,Down,Down,True,0.877,0.505,22.0
"trade_id    1061
trade_id    1061
Name: 518, dtype: object",no_consensus,ABSTAIN,Up,,0.724,0.485,22.0
"trade_id    1063
trade_id    1063
Name: 520, dtype: object",empty_book,Up,Up,True,0.808,0.375,22.0
"trade_id    1065
trade_id    1065
Name: 522, dtype: object",empty_book,Up,Up,True,0.483,0.485,22.0
"trade_id    1066
trade_id    1066
Name: 523, dtype: object",empty_book,Up,Up,True,0.773,0.465,22.0
"trade_id    1067
trade_id    1067
Name: 524, dtype: object",empty_book,Up,Up,True,0.43,0.395,22.0
"trade_id    1068
trade_id    1068
Name: 525, dtype: object",empty_book,Up,Up,True,0.327,0.445,22.0
"trade_id    1069
trade_id    1069
Name: 526, dtype: object",empty_book,Down,Down,True,0.805,0.465,22.0
"trade_id    1071
trade_id    1071
Name: 528, dtype: object",empty_book,Up,Up,True,0.494,0.495,23.0
"trade_id    1072
trade_id    1072
Name: 529, dtype: object",no_consensus,ABSTAIN,Down,,0.741,0.495,23.0
"trade_id    1073
trade_id    1073
Name: 530, dtype: object",empty_book,Down,Down,True,0.891,0.455,23.0
"trade_id    1074
trade_id    1074
Name: 531, dtype: object",empty_book,Down,Down,True,0.715,0.485,23.0
"trade_id    1075
trade_id    1075
Name: 532, dtype: object",empty_book,Up,Up,True,0.627,0.485,23.0
"trade_id    1077
trade_id    1077
Name: 534, dtype: object",empty_book,Down,Down,True,0.805,0.485,23.0
"trade_id    1078
trade_id    1078
Name: 535, dtype: object",empty_book,Down,Down,True,0.459,0.485,23.0
"trade_id    1079
trade_id    1079
Name: 536, dtype: object",empty_book,Down,Down,True,0.714,0.485,23.0
"trade_id    1080
trade_id    1080
Name: 537, dtype: object",empty_book,Up,Up,True,0.649,0.505,23.0
"trade_id    1081
trade_id    1081
Name: 538, dtype: object",empty_book,Up,Up,True,0.716,0.505,23.0
"trade_id    1082
trade_id    1082
Name: 539, dtype: object",empty_book,Down,Down,True,0.838,0.675,23.0
"trade_id    1083
trade_id    1083
Name: 540, dtype: object",empty_book,Down,Down,True,0.696,0.495,0.0
"trade_id    1085
trade_id    1085
Name: 542, dtype: object",empty_book,Down,Up,False,0.412,0.495,0.0
"trade_id    1087
trade_id    1087
Name: 544, dtype: object",empty_book,Up,Up,True,0.755,0.525,0.0
"trade_id    1088
trade_id    1088
Name: 545, dtype: object",empty_book,Down,Down,True,0.732,0.385,0.0
"trade_id    1091
trade_id    1091
Name: 548, dtype: object",no_consensus,ABSTAIN,Up,,0.379,0.675,0.0
"trade_id    1092
trade_id    1092
Name: 549, dtype: object",empty_book,Up,Up,True,0.366,0.535,0.0
"trade_id    1093
trade_id    1093
Name: 550, dtype: object",invalid_amount,Down,Down,True,0.642,0.465,0.0
"trade_id    1095
trade_id    1095
Name: 552, dtype: object",no_consensus,ABSTAIN,Up,,0.699,0.515,1.0
"trade_id    1096
trade_id    1096
Name: 553, dtype: object",empty_book,Down,Down,True,0.462,0.515,1.0
"trade_id    1097
trade_id    1097
Name: 554, dtype: object",empty_book,Up,Up,True,0.57,0.505,1.0
"trade_id    1099
trade_id    1099
Name: 556, dtype: object",empty_book,Up,Up,True,0.666,0.665,1.0
"trade_id    1101
trade_id    1101
Name: 558, dtype: object",empty_book,Down,Up,False,0.428,0.515,1.0
"trade_id    1103
trade_id    1103
Name: 560, dtype: object",empty_book,Down,Down,True,0.365,0.495,1.0
"trade_id    1106
trade_id    1106
Name: 563, dtype: object",no_consensus,ABSTAIN,Down,,0.575,0.515,1.0
"trade_id    1107
trade_id    1107
Name: 564, dtype: object",empty_book,Down,Up,False,0.629,0.505,2.0
"trade_id    1108
trade_id    1108
Name: 565, dtype: object",empty_book,Down,Down,True,0.495,0.495,2.0
"trade_id    1109
trade_id    1109
Name: 566, dtype: object",empty_book,Down,Down,True,0.757,0.505,2.0
"trade_id    1110
trade_id    1110
Name: 567, dtype: object",empty_book,Down,Down,True,0.359,0.545,2.0
"trade_id    1111
trade_id    1111
Name: 568, dtype: object",empty_book,Down,Down,True,0.286,0.585,2.0
"trade_id    1113
trade_id    1113
Name: 570, dtype: object",empty_book,Down,Down,True,0.865,0.545,2.0
"trade_id    1116
trade_id    1116
Name: 573, dtype: object",no_consensus,ABSTAIN,Up,,0.456,0.555,2.0
"trade_id    1117
trade_id    1117
Name: 574, dtype: object",empty_book,Down,Down,True,0.609,0.535,2.0
"trade_id    1119
trade_id    1119
Name: 576, dtype: object",empty_book,Down,Down,True,0.167,0.515,3.0
"trade_id    1120
trade_id    1120
Name: 577, dtype: object",empty_book,Up,Up,True,0.546,0.505,3.0
"trade_id    1121
trade_id    1121
Name: 578, dtype: object",empty_book,Up,Up,True,0.451,0.645,3.0
"trade_id    1123
trade_id    1123
Name: 580, dtype: object",empty_book,Down,Down,True,0.603,0.495,3.0
"trade_id    1125
trade_id    1125
Name: 582, dtype: object",empty_book,Up,Up,True,0.374,0.525,3.0
"trade_id    1126
trade_id    1126
Name: 583, dtype: object",no_consensus,ABSTAIN,Up,,0.813,0.605,3.0
"trade_id    1127
trade_id    1127
Name: 584, dtype: object",no_consensus,ABSTAIN,Down,,0.654,0.535,3.0
"trade_id    1128
trade_id    1128
Name: 585, dtype: object",no_consensus,ABSTAIN,Down,,0.258,0.385,3.0
"trade_id    1129
trade_id    1129
Name: 586, dtype: object",empty_book,Up,Up,True,0.594,0.515,3.0
"trade_id    1130
trade_id    1130
Name: 587, dtype: object",empty_book,Up,Up,True,0.724,0.505,3.0
"trade_id    1131
trade_id    1131
Name: 588, dtype: object",empty_book,Down,Down,True,0.54,0.495,4.0
"trade_id    1132
trade_id    1132
Name: 589, dtype: object",empty_book,Up,Down,False,0.242,0.505,4.0
"trade_id    1134
trade_id    1134
Name: 591, dtype: object",empty_book,Down,Down,True,0.7,0.525,4.0
"trade_id    1136
trade_id    1136
Name: 593, dtype: object",no_consensus,ABSTAIN,Up,,0.521,0.515,4.0
"trade_id    1137
trade_id    1137
Name: 594, dtype: object",no_consensus,ABSTAIN,Down,,0.211,0.505,4.0
"trade_id    1138
trade_id    1138
Name: 595, dtype: object",empty_book,Up,Up,True,0.791,0.485,4.0
"trade_id    1140
trade_id    1140
Name: 597, dtype: object",empty_book,Up,Up,True,0.697,0.475,4.0
"trade_id    1141
trade_id    1141
Name: 598, dtype: object",empty_book,Down,Down,True,0.638,0.505,4.0
"trade_id    1142
trade_id    1142
Name: 599, dtype: object",empty_book,Down,Down,True,0.343,0.495,4.0
"trade_id    1143
trade_id    1143
Name: 600, dtype: object",empty_book,Down,Down,True,0.641,0.525,5.0
"trade_id    1144
trade_id    1144
Name: 601, dtype: object",empty_book,Down,Down,True,0.631,0.505,5.0
"trade_id    1145
trade_id    1145
Name: 602, dtype: object",empty_book,Down,Up,False,0.629,0.425,5.0
"trade_id    1149
trade_id    1149
Name: 606, dtype: object",empty_book,Up,Up,True,0.326,0.495,5.0
"trade_id    1150
trade_id    1150
Name: 607, dtype: object",empty_book,Down,Down,True,0.733,0.675,5.0
"trade_id    1151
trade_id    1151
Name: 608, dtype: object",empty_book,Down,Down,True,0.634,0.505,5.0
"trade_id    1153
trade_id    1153
Name: 610, dtype: object",empty_book,Down,Down,True,0.48,0.515,5.0
"trade_id    1154
trade_id    1154
Name: 611, dtype: object",empty_book,Down,Down,True,0.311,0.515,5.0
"trade_id    1156
trade_id    1156
Name: 613, dtype: object",empty_book,Up,Up,True,0.624,0.515,6.0
"trade_id    1158
trade_id    1158
Name: 615, dtype: object",empty_book,Up,Up,True,0.287,0.515,6.0
"trade_id    1160
trade_id    1160
Name: 617, dtype: object",empty_book,Up,Up,True,0.751,0.445,6.0
"trade_id    1162
trade_id    1162
Name: 619, dtype: object",empty_book,Down,Down,True,0.609,0.505,6.0
"trade_id    1164
trade_id    1164
Name: 621, dtype: object",empty_book,Up,Up,True,0.653,0.51,6.0
"trade_id    1167
trade_id    1167
Name: 624, dtype: object",empty_book,Up,Up,True,0.356,0.515,7.0
"trade_id    1169
trade_id    1169
Name: 626, dtype: object",no_consensus,ABSTAIN,Down,,0.209,0.51,7.0
"trade_id    1170
trade_id    1170
Name: 627, dtype: object",empty_book,Down,Down,True,0.426,0.545,7.0
"trade_id    1171
trade_id    1171
Name: 628, dtype: object",empty_book,Up,Up,True,0.612,0.315,7.0
"trade_id    1172
trade_id    1172
Name: 629, dtype: object",empty_book,Down,Down,True,0.225,0.505,7.0
"trade_id    1173
trade_id    1173
Name: 630, dtype: object",no_consensus,ABSTAIN,Down,,0.658,0.515,7.0
"trade_id    1174
trade_id    1174
Name: 631, dtype: object",empty_book,Up,Up,True,0.743,0.515,7.0
"trade_id    1175
trade_id    1175
Name: 632, dtype: object",empty_book,Down,Up,False,0.883,0.505,7.0
"trade_id    1176
trade_id    1176
Name: 633, dtype: object",empty_book,Up,Up,True,0.694,0.505,7.0
"trade_id    1177
trade_id    1177
Name: 634, dtype: object",empty_book,Up,Up,True,0.816,0.505,7.0
"trade_id    1178
trade_id    1178
Name: 635, dtype: object",empty_book,Down,Down,True,0.799,0.505,7.0
"trade_id    1180
trade_id    1180
Name: 637, dtype: object",empty_book,Up,Down,False,0.831,0.475,8.0
"trade_id    1181
trade_id    1181
Name: 638, dtype: object",empty_book,Down,Down,True,0.229,0.505,8.0
"trade_id    1182
trade_id    1182
Name: 639, dtype: object",empty_book,Down,Down,True,0.404,0.525,8.0
"trade_id    1183
trade_id    1183
Name: 640, dtype: object",empty_book,Down,Down,True,0.86,0.675,8.0
"trade_id    1184
trade_id    1184
Name: 641, dtype: object",empty_book,Down,Down,True,0.642,0.535,8.0
"trade_id    1185
trade_id    1185
Name: 642, dtype: object",empty_book,Up,Up,True,0.543,0.535,8.0
"trade_id    1190
trade_id    1190
Name: 647, dtype: object",empty_book,Up,Up,True,0.841,0.505,8.0
"trade_id    1191
trade_id    1191
Name: 648, dtype: object",empty_book,Down,Down,True,0.184,0.5,9.0
"trade_id    1192
trade_id    1192
Name: 649, dtype: object",empty_book,Up,Up,True,0.4,0.445,9.0
"trade_id    1194
trade_id    1194
Name: 651, dtype: object",empty_book,Down,Down,True,0.615,0.495,9.0
"trade_id    1195
trade_id    1195
Name: 652, dtype: object",empty_book,Up,Up,True,0.711,0.495,9.0
"trade_id    1196
trade_id    1196
Name: 653, dtype: object",empty_book,Up,Up,True,0.47,0.505,9.0
"trade_id    1197
trade_id    1197
Name: 654, dtype: object",empty_book,Down,Down,True,0.585,0.515,9.0
"trade_id    1199
trade_id    1199
Name: 656, dtype: object",no_consensus,ABSTAIN,Up,,0.689,0.515,9.0
"trade_id    1200
trade_id    1200
Name: 657, dtype: object",empty_book,Down,Down,True,0.861,0.525,9.0
"trade_id    1201
trade_id    1201
Name: 658, dtype: object",empty_book,Up,Up,True,0.845,0.505,9.0
"trade_id    1202
trade_id    1202
Name: 659, dtype: object",empty_book,Up,Down,False,0.793,0.515,9.0
"trade_id    1205
trade_id    1205
Name: 662, dtype: object",empty_book,Up,Up,True,0.789,0.515,10.0
"trade_id    1206
trade_id    1206
Name: 663, dtype: object",empty_book,Up,Up,True,0.689,0.565,10.0
"trade_id    1208
trade_id    1208
Name: 665, dtype: object",empty_book,Up,Down,False,0.649,0.515,10.0
"trade_id    1211
trade_id    1211
Name: 668, dtype: object",empty_book,Up,Up,True,0.37,0.495,10.0
"trade_id    1212
trade_id    1212
Name: 669, dtype: object",no_consensus,ABSTAIN,Up,,0.299,0.515,10.0
"trade_id    1213
trade_id    1213
Name: 670, dtype: object",empty_book,Down,Down,True,0.671,0.505,10.0
"trade_id    1214
trade_id    1214
Name: 671, dtype: object",no_consensus,ABSTAIN,Up,,0.387,0.495,10.0
"trade_id    1215
trade_id    1215
Name: 672, dtype: object",empty_book,Up,Up,True,0.852,0.505,11.0
"trade_id    1218
trade_id    1218
Name: 675, dtype: object",empty_book,Down,Down,True,0.693,0.505,11.0
"trade_id    1219
trade_id    1219
Name: 676, dtype: object",empty_book,Down,Down,True,0.775,0.505,11.0
"trade_id    1220
trade_id    1220
Name: 677, dtype: object",no_consensus,ABSTAIN,Down,,0.324,0.485,11.0
"trade_id    1221
trade_id    1221
Name: 678, dtype: object",empty_book,Up,Up,True,0.841,0.515,11.0
"trade_id    1222
trade_id    1222
Name: 679, dtype: object",empty_book,Up,Up,True,0.718,0.555,11.0
"trade_id    1223
trade_id    1223
Name: 680, dtype: object",empty_book,Down,Down,True,0.692,0.505,11.0
"trade_id    1224
trade_id    1224
Name: 681, dtype: object",empty_book,Up,Down,False,0.637,0.485,11.0
"trade_id    1225
trade_id    1225
Name: 682, dtype: object",empty_book,Up,Up,True,0.196,0.505,11.0
"trade_id    1227
trade_id    1227
Name: 684, dtype: object",empty_book,Up,Up,True,0.466,0.505,12.0
"trade_id    1228
trade_id    1228
Name: 685, dtype: object",empty_book,Up,Up,True,0.851,0.515,12.0
"trade_id    1229
trade_id    1229
Name: 686, dtype: object",empty_book,Up,Up,True,0.402,0.505,12.0
"trade_id    1230
trade_id    1230
Name: 687, dtype: object",empty_book,Down,Down,True,0.586,0.485,12.0
"trade_id    1231
trade_id    1231
Name: 688, dtype: object",empty_book,Up,Down,False,0.778,0.495,12.0
"trade_id    1232
trade_id    1232
Name: 689, dtype: object",empty_book,Up,Up,True,0.419,0.505,12.0
"trade_id    1233
trade_id    1233
Name: 690, dtype: object",empty_book,Down,Down,True,0.484,0.505,12.0
"trade_id    1235
trade_id    1235
Name: 692, dtype: object",empty_book,Up,Up,True,0.481,0.505,12.0
"trade_id    1240
trade_id    1240
Name: 697, dtype: object",empty_book,Up,Up,True,0.783,0.655,13.0
"trade_id    1242
trade_id    1242
Name: 699, dtype: object",empty_book,Up,Down,False,0.834,0.485,13.0
"trade_id    1244
trade_id    1244
Name: 701, dtype: object",no_consensus,ABSTAIN,Down,,0.378,0.485,13.0
"trade_id    1245
trade_id    1245
Name: 702, dtype: object",empty_book,Down,Down,True,0.243,0.545,13.0
"trade_id    1246
trade_id    1246
Name: 703, dtype: object",no_consensus,ABSTAIN,Up,,0.664,0.61,13.0
"trade_id    1247
trade_id    1247
Name: 704, dtype: object",empty_book,Up,Up,True,0.4,0.505,13.0
"trade_id    1249
trade_id    1249
Name: 706, dtype: object",empty_book,Up,Up,True,0.482,0.475,13.0
"trade_id    1250
trade_id    1250
Name: 707, dtype: object",empty_book,Down,Down,True,0.476,0.485,13.0
"trade_id    1251
trade_id    1251
Name: 708, dtype: object",no_consensus,ABSTAIN,Up,,0.487,0.475,14.0
"trade_id    1252
trade_id    1252
Name: 709, dtype: object",empty_book,Down,Down,True,0.473,0.495,14.0
"trade_id    1253
trade_id    1253
Name: 710, dtype: object",empty_book,Down,Down,True,0.268,0.49,14.0
"trade_id    1254
trade_id    1254
Name: 711, dtype: object",empty_book,Down,Down,True,0.538,0.385,14.0
"trade_id    1255
trade_id    1255
Name: 712, dtype: object",empty_book,Up,Up,True,0.555,0.505,14.0
"trade_id    1256
trade_id    1256
Name: 713, dtype: object",no_consensus,ABSTAIN,Up,,0.272,0.505,14.0
"trade_id    1257
trade_id    1257
Name: 714, dtype: object",empty_book,Up,Up,True,0.327,0.5,14.0
"trade_id    1258
trade_id    1258
Name: 715, dtype: object",empty_book,Down,Down,True,0.515,0.495,14.0
"trade_id    1259
trade_id    1259
Name: 716, dtype: object",empty_book,Down,Down,True,0.174,0.505,14.0
"trade_id    1260
trade_id    1260
Name: 717, dtype: object",empty_book,Down,Down,True,0.763,0.485,14.0
"trade_id    1261
trade_id    1261
Name: 718, dtype: object",empty_book,Down,Down,True,0.2,0.505,14.0
"trade_id    1262
trade_id    1262
Name: 719, dtype: object",empty_book,Up,Up,True,0.835,0.515,14.0
"trade_id    1263
trade_id    1263
Name: 720, dtype: object",empty_book,Down,Down,True,0.67,0.515,15.0
"trade_id    1264
trade_id    1264
Name: 721, dtype: object",empty_book,Down,Down,True,0.573,0.5,15.0
"trade_id    1265
trade_id    1265
Name: 722, dtype: object",empty_book,Down,Down,True,0.331,0.495,15.0
"trade_id    1266
trade_id    1266
Name: 723, dtype: object",empty_book,Down,Down,True,0.341,0.515,15.0
"trade_id    1267
trade_id    1267
Name: 724, dtype: object",empty_book,Up,Up,True,0.677,0.525,15.0
"trade_id    1268
trade_id    1268
Name: 725, dtype: object",empty_book,Up,Up,True,0.452,0.525,15.0
"trade_id    1269
trade_id    1269
Name: 726, dtype: object",empty_book,Down,Down,True,0.491,0.505,15.0
"trade_id    1270
trade_id    1270
Name: 727, dtype: object",empty_book,Down,Up,False,0.248,0.505,15.0
"trade_id    1271
trade_id    1271
Name: 728, dtype: object",empty_book,Down,Up,False,0.595,0.505,15.0
"trade_id    1272
trade_id    1272
Name: 729, dtype: object",no_consensus,ABSTAIN,Up,,0.536,0.515,15.0
"trade_id    1273
trade_id    1273
Name: 730, dtype: object",empty_book,Up,Up,True,0.394,0.505,15.0
"trade_id    1274
trade_id    1274
Name: 731, dtype: object",invalid_amount,Down,Down,True,0.227,0.505,15.0
"trade_id    1275
trade_id    1275
Name: 732, dtype: object",empty_book,Down,Down,True,0.227,0.505,16.0
"trade_id    1277
trade_id    1277
Name: 734, dtype: object",no_consensus,ABSTAIN,Up,,0.119,0.51,16.0
"trade_id    1278
trade_id    1278
Name: 735, dtype: object",empty_book,Up,Up,True,0.194,0.505,16.0
"trade_id    1282
trade_id    1282
Name: 739, dtype: object",empty_book,Down,Down,True,0.686,0.515,16.0
"trade_id    1283
trade_id    1283
Name: 740, dtype: object",empty_book,Up,Up,True,0.536,0.485,16.0
"trade_id    1285
trade_id    1285
Name: 742, dtype: object",no_consensus,ABSTAIN,Up,,0.636,0.495,16.0
"trade_id    1286
trade_id    1286
Name: 743, dtype: object",empty_book,Down,Down,True,0.389,0.505,16.0
"trade_id    1287
trade_id    1287
Name: 744, dtype: object",empty_book,Up,Up,True,0.571,0.505,17.0
"trade_id    1289
trade_id    1289
Name: 746, dtype: object",empty_book,Down,Down,True,0.478,0.505,17.0
"trade_id    1290
trade_id    1290
Name: 747, dtype: object",empty_book,Up,Up,True,0.392,0.515,17.0
"trade_id    1292
trade_id    1292
Name: 749, dtype: object",empty_book,Up,Up,True,0.742,0.505,17.0
"trade_id    1293
trade_id    1293
Name: 750, dtype: object",empty_book,Up,Up,True,0.697,0.505,17.0
"trade_id    1294
trade_id    1294
Name: 751, dtype: object",empty_book,Down,Down,True,0.754,0.495,17.0
"trade_id    1295
trade_id    1295
Name: 752, dtype: object",empty_book,Down,Down,True,0.278,0.475,17.0
"trade_id    1296
trade_id    1296
Name: 753, dtype: object",empty_book,Down,Down,True,0.428,0.515,17.0
"trade_id    1298
trade_id    1298
Name: 755, dtype: object",no_consensus,ABSTAIN,Down,,0.684,0.55,17.0
"trade_id    1299
trade_id    1299
Name: 756, dtype: object",empty_book,Down,Down,True,0.729,0.525,18.0
"trade_id    1300
trade_id    1300
Name: 757, dtype: object",empty_book,Up,Up,True,0.448,0.525,18.0
"trade_id    1302
trade_id    1302
Name: 759, dtype: object",empty_book,Down,Down,True,0.568,0.525,18.0
"trade_id    1303
trade_id    1303
Name: 760, dtype: object",empty_book,Up,Down,False,0.633,0.515,18.0
"trade_id    1304
trade_id    1304
Name: 761, dtype: object",empty_book,Down,Down,True,0.916,0.515,18.0
"trade_id    1305
trade_id    1305
Name: 762, dtype: object",empty_book,Up,Up,True,0.896,0.52,18.0
"trade_id    1306
trade_id    1306
Name: 763, dtype: object",empty_book,Up,Up,True,0.875,0.595,18.0
"trade_id    1308
trade_id    1308
Name: 765, dtype: object",invalid_amount,Up,Up,True,0.865,0.505,18.0
"trade_id    1309
trade_id    1309
Name: 766, dtype: object",empty_book,Up,Up,True,0.893,0.515,18.0
"trade_id    1310
trade_id    1310
Name: 767, dtype: object",empty_book,Up,Up,True,0.7,0.505,18.0
"trade_id    1311
trade_id    1311
Name: 768, dtype: object",empty_book,Down,Down,True,0.599,0.505,19.0
"trade_id    1313
trade_id    1313
Name: 770, dtype: object",no_consensus,ABSTAIN,Down,,0.545,0.495,19.0
"trade_id    1314
trade_id    1314
Name: 771, dtype: object",empty_book,Up,Up,True,0.75,0.495,19.0
"trade_id    1315
trade_id    1315
Name: 772, dtype: object",empty_book,Up,Up,True,0.673,0.505,19.0
"trade_id    1316
trade_id    1316
Name: 773, dtype: object",empty_book,Down,Down,True,0.839,0.505,19.0
"trade_id    1317
trade_id    1317
Name: 774, dtype: object",no_consensus,ABSTAIN,Down,,0.585,0.475,19.0
"trade_id    1318
trade_id    1318
Name: 775, dtype: object",no_consensus,ABSTAIN,Up,,0.55,0.505,19.0
"trade_id    1321
trade_id    1321
Name: 778, dtype: object",no_consensus,ABSTAIN,Down,,0.786,0.485,19.0
"trade_id    1323
trade_id    1323
Name: 780, dtype: object",empty_book,Down,Down,True,0.95,0.505,20.0
"trade_id    1324
trade_id    1324
Name: 781, dtype: object",empty_book,Up,Up,True,0.364,0.515,20.0
"trade_id    1325
trade_id    1325
Name: 782, dtype: object",empty_book,Up,Up,True,0.916,0.505,20.0
"trade_id    1326
trade_id    1326
Name: 783, dtype: object",no_consensus,ABSTAIN,Down,,0.544,0.495,20.0
"trade_id    1327
trade_id    1327
Name: 784, dtype: object",empty_book,Up,Up,True,0.625,0.425,20.0
"trade_id    1328
trade_id    1328
Name: 785, dtype: object",empty_book,Down,Down,True,0.947,0.475,20.0
"trade_id    1330
trade_id    1330
Name: 787, dtype: object",no_consensus,ABSTAIN,Up,,0.636,0.485,20.0
"trade_id    1331
trade_id    1331
Name: 788, dtype: object",empty_book,Down,Down,True,0.75,0.495,20.0
"trade_id    1332
trade_id    1332
Name: 789, dtype: object",empty_book,Down,Down,True,0.726,0.485,20.0
"trade_id    1333
trade_id    1333
Name: 790, dtype: object",empty_book,Down,Down,True,0.84,0.485,20.0
"trade_id    1334
trade_id    1334
Name: 791, dtype: object",empty_book,Up,Up,True,0.419,0.525,20.0
"trade_id    1335
trade_id    1335
Name: 792, dtype: object",empty_book,Down,Down,True,0.577,0.505,21.0
"trade_id    1336
trade_id    1336
Name: 793, dtype: object",empty_book,Down,Down,True,0.775,0.515,21.0
"trade_id    1337
trade_id    1337
Name: 794, dtype: object",empty_book,Up,Up,True,0.715,0.465,21.0
"trade_id    1338
trade_id    1338
Name: 795, dtype: object",empty_book,Up,Up,True,0.365,0.505,21.0
"trade_id    1339
trade_id    1339
Name: 796, dtype: object",empty_book,Up,Up,True,0.739,0.515,21.0
"trade_id    1340
trade_id    1340
Name: 797, dtype: object",empty_book,Down,Down,True,0.916,0.515,21.0
"trade_id    1342
trade_id    1342
Name: 799, dtype: object",empty_book,Down,Down,True,0.886,0.475,21.0
"trade_id    1345
trade_id    1345
Name: 802, dtype: object",no_consensus,ABSTAIN,Down,,0.729,0.49,21.0
"trade_id    1346
trade_id    1346
Name: 803, dtype: object",no_consensus,ABSTAIN,Down,,0.646,0.485,21.0
"trade_id    1347
trade_id    1347
Name: 804, dtype: object",empty_book,Up,Up,True,0.774,0.525,22.0
"trade_id    1348
trade_id    1348
Name: 805, dtype: object",no_consensus,ABSTAIN,Down,,0.237,0.505,22.0
"trade_id    1349
trade_id    1349
Name: 806, dtype: object",no_consensus,ABSTAIN,Up,,0.426,0.525,22.0
"trade_id    1350
trade_id    1350
Name: 807, dtype: object",empty_book,Down,Down,True,0.641,0.515,22.0
"trade_id    1351
trade_id    1351
Name: 808, dtype: object",empty_book,Down,Down,True,0.513,0.495,22.0
"trade_id    1353
trade_id    1353
Name: 810, dtype: object",empty_book,Up,Up,True,0.468,0.515,22.0
"trade_id    1354
trade_id    1354
Name: 811, dtype: object",empty_book,Down,Down,True,0.915,0.305,22.0
"trade_id    1355
trade_id    1355
Name: 812, dtype: object",empty_book,Up,Up,True,0.468,0.595,22.0
"trade_id    1356
trade_id    1356
Name: 813, dtype: object",no_consensus,ABSTAIN,Up,,0.307,0.525,22.0
"trade_id    1357
trade_id    1357
Name: 814, dtype: object",no_consensus,ABSTAIN,Up,,0.629,0.495,22.0
"trade_id    1358
trade_id    1358
Name: 815, dtype: object",no_consensus,ABSTAIN,Up,,0.352,0.485,22.0
"trade_id    1359
trade_id    1359
Name: 816, dtype: object",no_consensus,ABSTAIN,Up,,0.256,0.505,23.0
"trade_id    1360
trade_id    1360
Name: 817, dtype: object",empty_book,Down,Down,True,0.574,0.475,23.0
"trade_id    1361
trade_id    1361
Name: 818, dtype: object",empty_book,Down,Down,True,0.941,0.465,23.0
"trade_id    1362
trade_id    1362
Name: 819, dtype: object",empty_book,Up,Up,True,0.544,0.485,23.0
"trade_id    1363
trade_id    1363
Name: 820, dtype: object",empty_book,Down,Down,True,0.844,0.515,23.0
"trade_id    1364
trade_id    1364
Name: 821, dtype: object",no_consensus,ABSTAIN,Up,,0.646,0.475,23.0
"trade_id    1365
trade_id    1365
Name: 822, dtype: object",empty_book,Down,Down,True,0.873,0.525,23.0
"trade_id    1367
trade_id    1367
Name: 824, dtype: object",no_consensus,ABSTAIN,Up,,0.541,0.525,23.0
"trade_id    1368
trade_id    1368
Name: 825, dtype: object",empty_book,Up,Up,True,0.816,0.515,23.0
"trade_id    1369
trade_id    1369
Name: 826, dtype: object",empty_book,Up,Up,True,0.176,0.505,23.0
"trade_id    1371
trade_id    1371
Name: 828, dtype: object",empty_book,Down,Down,True,0.808,0.505,0.0
"trade_id    1372
trade_id    1372
Name: 829, dtype: object",empty_book,Up,Up,True,0.905,0.495,0.0
"trade_id    1373
trade_id    1373
Name: 830, dtype: object",empty_book,Up,Down,False,0.675,0.505,0.0
"trade_id    1375
trade_id    1375
Name: 832, dtype: object",no_consensus,ABSTAIN,Down,,0.383,0.46,0.0
"trade_id    1376
trade_id    1376
Name: 833, dtype: object",empty_book,Down,Down,True,0.937,0.325,0.0
"trade_id    1377
trade_id    1377
Name: 834, dtype: object",empty_book,Up,Down,False,0.487,0.505,0.0
"trade_id    1378
trade_id    1378
Name: 835, dtype: object",empty_book,Down,Down,True,0.812,0.43,0.0
"trade_id    1379
trade_id    1379
Name: 836, dtype: object",empty_book,Up,Up,True,0.597,0.515,0.0
"trade_id    1381
trade_id    1381
Name: 838, dtype: object",no_consensus,ABSTAIN,Up,,0.662,0.505,0.0
"trade_id    1382
trade_id    1382
Name: 839, dtype: object",risk_blocked,Up,Up,True,0.299,0.525,0.0
"trade_id    1383
trade_id    1383
Name: 840, dtype: object",no_consensus,ABSTAIN,Down,,0.293,0.505,1.0
"trade_id    1384
trade_id    1384
Name: 841, dtype: object",risk_blocked,Up,Up,True,0.59,0.495,1.0
"trade_id    1386
trade_id    1386
Name: 843, dtype: object",risk_blocked,Down,Up,False,0.455,0.485,1.0
"trade_id    1387
trade_id    1387
Name: 844, dtype: object",no_consensus,ABSTAIN,Up,,0.639,0.3,1.0
"trade_id    1388
trade_id    1388
Name: 845, dtype: object",risk_blocked,Down,Down,True,0.83,0.445,1.0
"trade_id    1389
trade_id    1389
Name: 846, dtype: object",risk_blocked,Down,Down,True,0.817,0.485,1.0
"trade_id    1390
trade_id    1390
Name: 847, dtype: object",risk_blocked,Down,Down,True,0.852,0.495,1.0
"trade_id    1391
trade_id    1391
Name: 848, dtype: object",risk_blocked,Up,Up,True,0.488,0.505,1.0
"trade_id    1392
trade_id    1392
Name: 849, dtype: object",risk_blocked,Up,Up,True,0.576,0.515,1.0
"trade_id    1395
trade_id    1395
Name: 852, dtype: object",empty_book,Up,Up,True,0.273,0.475,2.0
"trade_id    1397
trade_id    1397
Name: 854, dtype: object",empty_book,Down,Down,True,0.508,0.475,2.0
"trade_id    1398
trade_id    1398
Name: 855, dtype: object",empty_book,Down,Down,True,0.841,0.455,2.0
"trade_id    1399
trade_id    1399
Name: 856, dtype: object",no_consensus,ABSTAIN,Down,,0.541,0.485,2.0
"trade_id    1400
trade_id    1400
Name: 857, dtype: object",empty_book,Up,Up,True,0.387,0.365,2.0
"trade_id    1401
trade_id    1401
Name: 858, dtype: object",no_consensus,ABSTAIN,Down,,0.661,0.495,2.0
"trade_id    1402
trade_id    1402
Name: 859, dtype: object",empty_book,Down,Down,True,0.651,0.505,2.0
"trade_id    1403
trade_id    1403
Name: 860, dtype: object",no_consensus,ABSTAIN,Down,,0.54,0.495,2.0
"trade_id    1406
trade_id    1406
Name: 863, dtype: object",empty_book,Down,Down,True,0.874,0.505,2.0
"trade_id    1407
trade_id    1407
Name: 864, dtype: object",empty_book,Down,Down,True,0.848,0.505,3.0
"trade_id    1410
trade_id    1410
Name: 867, dtype: object",empty_book,Up,Up,True,0.475,0.525,3.0
"trade_id    1412
trade_id    1412
Name: 869, dtype: object",invalid_amount,Up,Up,True,0.782,0.515,3.0
"trade_id    1414
trade_id    1414
Name: 871, dtype: object",empty_book,Up,Up,True,0.827,0.505,3.0
"trade_id    1415
trade_id    1415
Name: 872, dtype: object",empty_book,Down,Down,True,0.725,0.515,3.0
"trade_id    1417
trade_id    1417
Name: 874, dtype: object",empty_book,Down,Down,True,0.831,0.485,3.0
"trade_id    1419
trade_id    1419
Name: 876, dtype: object",empty_book,Down,Down,True,0.745,0.485,4.0
"trade_id    1420
trade_id    1420
Name: 877, dtype: object",empty_book,Down,Down,True,0.584,0.525,4.0
"trade_id    1421
trade_id    1421
Name: 878, dtype: object",no_consensus,ABSTAIN,Up,,0.599,0.545,4.0
"trade_id    1422
trade_id    1422
Name: 879, dtype: object",empty_book,Up,Up,True,0.545,0.545,4.0
"trade_id    1424
trade_id    1424
Name: 881, dtype: object",empty_book,Up,Up,True,0.573,0.565,4.0
"trade_id    1425
trade_id    1425
Name: 882, dtype: object",no_consensus,ABSTAIN,Up,,0.502,0.625,4.0
"trade_id    1426
trade_id    1426
Name: 883, dtype: object",empty_book,Up,Up,True,0.45,0.525,4.0
"trade_id    1428
trade_id    1428
Name: 885, dtype: object",empty_book,Up,Up,True,0.452,0.495,4.0
"trade_id    1429
trade_id    1429
Name: 886, dtype: object",empty_book,Down,Down,True,0.686,0.515,4.0
"trade_id    1431
trade_id    1431
Name: 888, dtype: object",empty_book,Down,Up,False,0.952,0.495,5.0
"trade_id    1432
trade_id    1432
Name: 889, dtype: object",empty_book,Up,Up,True,0.856,0.515,5.0
"trade_id    1433
trade_id    1433
Name: 890, dtype: object",empty_book,Up,Up,True,0.723,0.495,5.0
"trade_id    1434
trade_id    1434
Name: 891, dtype: object",empty_book,Down,Down,True,0.861,0.415,5.0
"trade_id    1437
trade_id    1437
Name: 894, dtype: object",empty_book,Down,Down,True,0.474,0.545,5.0
"trade_id    1438
trade_id    1438
Name: 895, dtype: object",no_consensus,ABSTAIN,Down,,0.615,0.435,5.0
"trade_id    1441
trade_id    1441
Name: 898, dtype: object",empty_book,Up,Down,False,0.549,0.525,5.0
"trade_id    1442
trade_id    1442
Name: 899, dtype: object",no_consensus,ABSTAIN,Up,,0.601,0.625,5.0
"trade_id    1444
trade_id    1444
Name: 901, dtype: object",no_consensus,ABSTAIN,Up,,0.656,0.675,6.0
"trade_id    1445
trade_id    1445
Name: 902, dtype: object",empty_book,Up,Up,True,0.444,0.585,6.0
"trade_id    1446
trade_id    1446
Name: 903, dtype: object",empty_book,Up,Up,True,0.543,0.505,6.0
"trade_id    1447
trade_id    1447
Name: 904, dtype: object",empty_book,Up,Up,True,0.755,0.365,6.0
"trade_id    1448
trade_id    1448
Name: 905, dtype: object",empty_book,Up,Down,False,0.49,0.375,6.0
"trade_id    1449
trade_id    1449
Name: 906, dtype: object",empty_book,Down,Up,False,0.896,0.455,6.0
"trade_id    1450
trade_id    1450
Name: 907, dtype: object",no_consensus,ABSTAIN,Down,,0.779,0.495,6.0
"trade_id    1452
trade_id    1452
Name: 909, dtype: object",empty_book,Down,Down,True,0.436,0.495,6.0
"trade_id    1453
trade_id    1453
Name: 910, dtype: object",empty_book,Up,Up,True,0.279,0.505,6.0
"trade_id    1456
trade_id    1456
Name: 913, dtype: object",empty_book,Down,Down,True,0.834,0.505,7.0
"trade_id    1457
trade_id    1457
Name: 914, dtype: object",no_consensus,ABSTAIN,Up,,0.619,0.455,7.0
"trade_id    1458
trade_id    1458
Name: 915, dtype: object",empty_book,Up,Up,True,0.566,0.525,7.0
"trade_id    1459
trade_id    1459
Name: 916, dtype: object",empty_book,Down,Down,True,0.858,0.635,7.0
"trade_id    1460
trade_id    1460
Name: 917, dtype: object",empty_book,Up,Up,True,0.434,0.475,7.0
"trade_id    1462
trade_id    1462
Name: 919, dtype: object",invalid_amount,Down,Down,True,0.955,0.475,7.0
"trade_id    1463
trade_id    1463
Name: 920, dtype: object",empty_book,Down,Down,True,0.949,0.505,7.0
"trade_id    1464
trade_id    1464
Name: 921, dtype: object",empty_book,Down,Down,True,0.952,0.525,7.0
"trade_id    1465
trade_id    1465
Name: 922, dtype: object",no_consensus,ABSTAIN,Up,,0.643,0.525,7.0
"trade_id    1467
trade_id    1467
Name: 924, dtype: object",empty_book,Up,Up,True,0.761,0.535,8.0
"trade_id    1468
trade_id    1468
Name: 925, dtype: object",empty_book,Down,Down,True,0.924,0.535,8.0
"trade_id    1469
trade_id    1469
Name: 926, dtype: object",no_consensus,ABSTAIN,Down,,0.767,0.555,8.0
"trade_id    1470
trade_id    1470
Name: 927, dtype: object",empty_book,Down,Down,True,0.961,0.555,8.0
"trade_id    1471
trade_id    1471
Name: 928, dtype: object",no_consensus,ABSTAIN,Up,,0.575,0.535,8.0
"trade_id    1472
trade_id    1472
Name: 929, dtype: object",empty_book,Down,Down,True,0.906,0.575,8.0
"trade_id    1474
trade_id    1474
Name: 931, dtype: object",no_consensus,ABSTAIN,Down,,0.602,0.545,8.0
"trade_id    1475
trade_id    1475
Name: 932, dtype: object",empty_book,Up,Up,True,0.671,0.545,8.0
"trade_id    1476
trade_id    1476
Name: 933, dtype: object",empty_book,Up,Up,True,0.652,0.565,8.0
"trade_id    1477
trade_id    1477
Name: 934, dtype: object",no_consensus,ABSTAIN,Up,,0.748,0.515,8.0
"trade_id    1478
trade_id    1478
Name: 935, dtype: object",empty_book,Down,Down,True,0.734,0.475,8.0
"trade_id    1479
trade_id    1479
Name: 936, dtype: object",empty_book,Down,Down,True,0.643,0.505,9.0
"trade_id    1480
trade_id    1480
Name: 937, dtype: object",empty_book,Down,Down,True,0.771,0.515,9.0
"trade_id    1481
trade_id    1481
Name: 938, dtype: object",empty_book,Up,Up,True,0.21,0.53,9.0
"trade_id    1482
trade_id    1482
Name: 939, dtype: object",empty_book,Up,Up,True,0.6,0.53,9.0
"trade_id    1483
trade_id    1483
Name: 940, dtype: object",empty_book,Up,Up,True,0.854,0.515,9.0
"trade_id    1485
trade_id    1485
Name: 942, dtype: object",empty_book,Down,Down,True,0.577,0.455,9.0
"trade_id    1486
trade_id    1486
Name: 943, dtype: object",no_consensus,ABSTAIN,Up,,0.743,0.335,9.0
"trade_id    1487
trade_id    1487
Name: 944, dtype: object",no_consensus,ABSTAIN,Down,,0.502,0.365,9.0
"trade_id    1488
trade_id    1488
Name: 945, dtype: object",no_consensus,ABSTAIN,Up,,0.81,0.485,9.0
"trade_id    1489
trade_id    1489
Name: 946, dtype: object",empty_book,Up,Up,True,0.458,0.525,9.0
"trade_id    1490
trade_id    1490
Name: 947, dtype: object",empty_book,Down,Down,True,0.82,0.485,9.0
"trade_id    1492
trade_id    1492
Name: 949, dtype: object",empty_book,Up,Up,True,0.194,0.535,10.0
"trade_id    1493
trade_id    1493
Name: 950, dtype: object",empty_book,Down,Down,True,0.909,0.515,10.0
"trade_id    1495
trade_id    1495
Name: 952, dtype: object",empty_book,Up,Up,True,0.739,0.675,10.0
"trade_id    1496
trade_id    1496
Name: 953, dtype: object",no_consensus,ABSTAIN,Up,,0.653,0.425,10.0
"trade_id    1497
trade_id    1497
Name: 954, dtype: object",empty_book,Down,Down,True,0.91,0.505,10.0
"trade_id    1498
trade_id    1498
Name: 955, dtype: object",no_consensus,ABSTAIN,Down,,0.86,0.495,10.0
"trade_id    1499
trade_id    1499
Name: 956, dtype: object",empty_book,Up,Down,False,0.365,0.505,10.0
"trade_id    1500
trade_id    1500
Name: 957, dtype: object",empty_book,Down,Down,True,0.366,0.555,10.0
"trade_id    1501
trade_id    1501
Name: 958, dtype: object",empty_book,Down,Down,True,0.887,0.525,10.0
"trade_id    1503
trade_id    1503
Name: 960, dtype: object",no_consensus,ABSTAIN,Down,,0.89,0.55,11.0
"trade_id    1506
trade_id    1506
Name: 963, dtype: object",empty_book,Up,Up,True,0.903,0.595,11.0
"trade_id    1507
trade_id    1507
Name: 964, dtype: object",empty_book,Down,Down,True,0.856,0.505,11.0
"trade_id    1509
trade_id    1509
Name: 966, dtype: object",no_consensus,ABSTAIN,Down,,0.601,0.485,11.0
"trade_id    1510
trade_id    1510
Name: 967, dtype: object",empty_book,Down,Up,False,0.931,0.525,11.0
"trade_id    1511
trade_id    1511
Name: 968, dtype: object",empty_book,Up,Up,True,0.851,0.525,11.0
"trade_id    1512
trade_id    1512
Name: 969, dtype: object",invalid_amount,Up,Up,True,0.536,0.555,11.0
"trade_id    1513
trade_id    1513
Name: 970, dtype: object",empty_book,Down,Down,True,0.926,0.495,11.0
"trade_id    1515
trade_id    1515
Name: 972, dtype: object",empty_book,Down,Down,True,0.494,0.505,12.0
"trade_id    1516
trade_id    1516
Name: 973, dtype: object",no_consensus,ABSTAIN,Up,,0.489,0.525,12.0
"trade_id    1517
trade_id    1517
Name: 974, dtype: object",empty_book,Down,Down,True,0.901,0.515,12.0
"trade_id    1518
trade_id    1518
Name: 975, dtype: object",empty_book,Up,Up,True,0.243,0.525,12.0
"trade_id    1520
trade_id    1520
Name: 977, dtype: object",empty_book,Down,Down,True,0.605,0.5,12.0
"trade_id    1521
trade_id    1521
Name: 978, dtype: object",empty_book,Down,Down,True,0.567,0.515,12.0
"trade_id    1523
trade_id    1523
Name: 980, dtype: object",empty_book,Down,Up,False,0.723,0.525,12.0
"trade_id    1524
trade_id    1524
Name: 981, dtype: object",empty_book,Down,Down,True,0.519,0.525,12.0
"trade_id    1525
trade_id    1525
Name: 982, dtype: object",empty_book,Up,Up,True,0.522,0.525,12.0
"trade_id    1526
trade_id    1526
Name: 983, dtype: object",empty_book,Up,Up,True,0.66,0.445,12.0
"trade_id    1527
trade_id    1527
Name: 984, dtype: object",empty_book,Up,Up,True,0.829,0.515,13.0
"trade_id    1528
trade_id    1528
Name: 985, dtype: object",no_consensus,ABSTAIN,Down,,0.293,0.515,13.0
"trade_id    1529
trade_id    1529
Name: 986, dtype: object",empty_book,Down,Down,True,0.364,0.505,13.0
"trade_id    1530
trade_id    1530
Name: 987, dtype: object",no_consensus,ABSTAIN,Up,,0.801,0.515,13.0
"trade_id    1531
trade_id    1531
Name: 988, dtype: object",empty_book,Up,Up,True,0.493,0.515,13.0
"trade_id    1532
trade_id    1532
Name: 989, dtype: object",empty_book,Up,Up,True,0.921,0.485,13.0
"trade_id    1533
trade_id    1533
Name: 990, dtype: object",empty_book,Down,Down,True,0.821,0.505,13.0
"trade_id    1534
trade_id    1534
Name: 991, dtype: object",no_consensus,ABSTAIN,Up,,0.582,0.525,13.0
"trade_id    1536
trade_id    1536
Name: 993, dtype: object",no_consensus,ABSTAIN,Down,,0.518,0.515,13.0
"trade_id    1539
trade_id    1539
Name: 996, dtype: object",empty_book,Up,Up,True,0.53,0.545,14.0
"trade_id    1540
trade_id    1540
Name: 997, dtype: object",empty_book,Up,Up,True,0.63,0.505,14.0
"trade_id    1541
trade_id    1541
Name: 998, dtype: object",no_consensus,ABSTAIN,Up,,0.368,0.535,14.0
"trade_id    1542
trade_id    1542
Name: 999, dtype: object",empty_book,Down,Down,True,0.762,0.515,14.0
"trade_id    1543
trade_id    1543
Name: 1000, dtype: object",no_consensus,ABSTAIN,Down,,0.671,0.505,14.0
"trade_id    1545
trade_id    1545
Name: 1002, dtype: object",empty_book,Up,Up,True,0.753,0.505,14.0
"trade_id    1546
trade_id    1546
Name: 1003, dtype: object",empty_book,Down,Down,True,0.73,0.525,14.0
"trade_id    1547
trade_id    1547
Name: 1004, dtype: object",empty_book,Up,Up,True,0.811,0.695,14.0
"trade_id    1549
trade_id    1549
Name: 1006, dtype: object",empty_book,Up,Up,True,0.675,0.515,14.0
"trade_id    1550
trade_id    1550
Name: 1007, dtype: object",no_consensus,ABSTAIN,Up,,0.663,0.505,14.0
"trade_id    1551
trade_id    1551
Name: 1008, dtype: object",empty_book,Up,Up,True,0.806,0.485,15.0
"trade_id    1553
trade_id    1553
Name: 1010, dtype: object",empty_book,Up,Up,True,0.837,0.475,15.0
"trade_id    1554
trade_id    1554
Name: 1011, dtype: object",empty_book,Down,Down,True,0.665,0.485,15.0
"trade_id    1555
trade_id    1555
Name: 1012, dtype: object",empty_book,Up,Up,True,0.783,0.495,15.0
"trade_id    1556
trade_id    1556
Name: 1013, dtype: object",empty_book,Up,Up,True,0.665,0.465,15.0
"trade_id    1557
trade_id    1557
Name: 1014, dtype: object",empty_book,Up,Up,True,0.783,0.495,15.0
"trade_id    1559
trade_id    1559
Name: 1016, dtype: object",empty_book,Down,Down,True,0.85,0.455,15.0
"trade_id    1561
trade_id    1561
Name: 1018, dtype: object",invalid_amount,Down,Down,True,0.973,0.575,15.0
"trade_id    1562
trade_id    1562
Name: 1019, dtype: object",no_consensus,ABSTAIN,Down,,0.887,0.505,15.0
"trade_id    1563
trade_id    1563
Name: 1020, dtype: object",no_consensus,ABSTAIN,Down,,0.494,0.545,16.0
"trade_id    1565
trade_id    1565
Name: 1022, dtype: object",empty_book,Up,Up,True,0.753,0.535,16.0
"trade_id    1566
trade_id    1566
Name: 1023, dtype: object",no_consensus,ABSTAIN,Down,,0.587,0.555,16.0
"trade_id    1567
trade_id    1567
Name: 1024, dtype: object",empty_book,Down,Down,True,0.614,0.525,16.0
"trade_id    1569
trade_id    1569
Name: 1026, dtype: object",no_consensus,ABSTAIN,Down,,0.236,0.525,16.0
"trade_id    1571
trade_id    1571
Name: 1028, dtype: object",empty_book,Up,Up,True,0.889,0.495,16.0
"trade_id    1572
trade_id    1572
Name: 1029, dtype: object",no_consensus,ABSTAIN,Up,,0.58,0.525,16.0
"trade_id    1573
trade_id    1573
Name: 1030, dtype: object",no_consensus,ABSTAIN,Down,,0.581,0.505,16.0
"trade_id    1575
trade_id    1575
Name: 1032, dtype: object",empty_book,Up,Up,True,0.689,0.535,17.0
"trade_id    1576
trade_id    1576
Name: 1033, dtype: object",no_consensus,ABSTAIN,Up,,0.677,0.5,17.0
"trade_id    1577
trade_id    1577
Name: 1034, dtype: object",empty_book,Down,Up,False,0.449,0.655,17.0
"trade_id    1578
trade_id    1578
Name: 1035, dtype: object",empty_book,Down,Down,True,0.931,0.475,17.0
"trade_id    1579
trade_id    1579
Name: 1036, dtype: object",empty_book,Down,Down,True,0.859,0.495,17.0
"trade_id    1581
trade_id    1581
Name: 1038, dtype: object",no_consensus,ABSTAIN,Up,,0.823,0.5,17.0
"trade_id    1582
trade_id    1582
Name: 1039, dtype: object",empty_book,Down,Down,True,0.74,0.515,17.0
"trade_id    1583
trade_id    1583
Name: 1040, dtype: object",empty_book,Down,Down,True,0.863,0.515,17.0
"trade_id    1584
trade_id    1584
Name: 1041, dtype: object",no_consensus,ABSTAIN,Up,,0.759,0.445,17.0
"trade_id    1586
trade_id    1586
Name: 1043, dtype: object",empty_book,Down,Down,True,0.873,0.395,17.0
"trade_id    1587
trade_id    1587
Name: 1044, dtype: object",empty_book,Up,Up,True,0.247,0.525,18.0
"trade_id    1589
trade_id    1589
Name: 1046, dtype: object",empty_book,Down,Down,True,0.804,0.515,18.0
"trade_id    1590
trade_id    1590
Name: 1047, dtype: object",empty_book,Up,Up,True,0.75,0.5,18.0
"trade_id    1591
trade_id    1591
Name: 1048, dtype: object",empty_book,Down,Down,True,0.785,0.51,18.0
"trade_id    1592
trade_id    1592
Name: 1049, dtype: object",empty_book,Up,Up,True,0.857,0.505,18.0
"trade_id    1593
trade_id    1593
Name: 1050, dtype: object",empty_book,Up,Up,True,0.88,0.515,18.0
"trade_id    1594
trade_id    1594
Name: 1051, dtype: object",no_consensus,ABSTAIN,Down,,0.35,0.515,18.0
"trade_id    1596
trade_id    1596
Name: 1053, dtype: object",empty_book,Up,Up,True,0.829,0.51,18.0
"trade_id    1598
trade_id    1598
Name: 1055, dtype: object",no_consensus,ABSTAIN,Down,,0.539,0.435,18.0
"trade_id    1599
trade_id    1599
Name: 1056, dtype: object",empty_book,Down,Down,True,0.795,0.525,19.0
"trade_id    1600
trade_id    1600
Name: 1057, dtype: object",empty_book,Down,Up,False,0.934,0.535,19.0
"trade_id    1602
trade_id    1602
Name: 1059, dtype: object",empty_book,Up,Up,True,0.89,0.505,19.0
"trade_id    1604
trade_id    1604
Name: 1061, dtype: object",no_consensus,ABSTAIN,Up,,0.751,0.345,19.0
"trade_id    1605
trade_id    1605
Name: 1062, dtype: object",no_consensus,ABSTAIN,Up,,0.821,0.525,19.0
"trade_id    1606
trade_id    1606
Name: 1063, dtype: object",empty_book,Up,Down,False,0.852,0.485,19.0
"trade_id    1607
trade_id    1607
Name: 1064, dtype: object",empty_book,Down,Down,True,0.638,0.475,19.0
